{
    "Name": "",
    "Description": "",
    "Category": "Cooking",
    "Edibility": 62,
    "EdibleIsDrink": false,
    "EdibleBuffs":
    {
        "Farming": 0,
        "Fishing": 0,
        "Mining": 0,
        "Luck": 0,
        "Foraging": 0,
        "MaxStamina": 0,
        "MagnetRadius": 0,
        "Speed": 0,
        "Defense": 0,
        "Attack": 0,
        "Duration": 640,
    },
    "Price": ,
    "IsColored": false,
    "GiftTastes":
    {
        "Love": [],
        "Like": [],
        "Hate": ["],
    },
    "Recipe":
    {
        "ResultCount": 1,
        "Ingredients": [
        {
            "Object": 635,
            "Count": 1,
        },
        {
            "Object": 388,
            "Count": 1,
        },
        {
            "Object": 417,
            "Count": 1,
        },
        {
            "Object": 254,
            "Count": 1,
        },
        {
            "Object": 268,
            "Count": 1,
        }],
        "CanPurchase": true,
        //"PurchaseFrom": "",
        //"PurchasePrice": 2500,
        //"PurchaseRequirements": ["s 417 1", ],
    },
    /*"NameLocalization":
    {
      "es": "",
        "ko": "",
        "de": "",
        "fr": "",
        "hu": "",
        "it": "",
        "ja": "",
        "pt": "",
        "ru": "",
        "tr": "",
        "zh": "",
    },
    "DescriptionLocalization":
    {
        "es": "",
        "ko": "",
        "de": "",
        "fr": "",
        "hu": "",
        "it": "",
        "ja": "",
        "pt": "",
         "ru": "",
         "tr": "",
        "zh": "",
    }*/
}