{
    "Format": "1.15.0",

    "DynamicTokens":   [
        {     "Name": "JessGift",      "Value": "453"     },
        {     "Name": "JessGift",      "Value": "{{JessGift}} 431",         "When":	 { "Hearts:Haley": "1,2,3,4"  }       },
        {     "Name": "JessGift",      "Value": "{{JessGift}} 482",         "When":	 { "Hearts:Shane": "1,2,3,4"  }       },
        {     "Name": "JessGift",      "Value": "{{JessGift}} 453",         "When":	 { "Hearts:Penny": "1,2,3,4"  }       },
        {     "Name": "JessGift",      "Value": "{{JessGift}} 490",         "When":	 { "Hearts:Abigail": "1,2,3,4"  }     },
        {     "Name": "JessGift",      "Value": "{{JessGift}} 745",         "When":	 { "Hearts:Maru": "1,2,3,4"  }        },
        {     "Name": "JessGift",      "Value": "{{JessGift}} 802",         "When":	 { "Hearts:Sam": "1,2,3,4"  }         },
        {     "Name": "JessGift",      "Value": "{{JessGift}} 433",         "When":	 { "Hearts:Harvey": "1,2,3,4"  }      }
                      ],
    "Changes": [
      { "LogName": "NPC Manifestation",
        "Action": "EditData",
        "Target": "Data/NPCDispositions",
        "Entries": {
                  "Jessie": "adult/polite/shy/positive/female/not-datable/null/Town/summer 1//LodgingHouse 21 4/Jessie"
        }
      },
      { "LogName": "NPC Gift Tastes",
        "Action": "EditData",
        "Target": "Data/NPCGiftTastes",
          "Entries": {
          "Jessie": "Thank you! This is just what I wanted!/222 230 254 281 282/Thank you, I shall cherish it./-81 -75 -79 350/Sorry dear, but I'm not a fan./-6 206/I'm sorry. I find this... unpleasant./-4/Thanks. I'm sure this will come in useful.//"  }
                      },
      //Loves Rhubarb Pie, Red plate, Melon, Cranberries, Chanterelle
      //Dislikes/Hates animal products (eggs, milk, fish), pizza 
     
      { "LogName": "NPC Sprite",        "Action": "Load",       "Target": "Characters/Jessie",
        "FromFile": "assets/img/JessieSprites.png"        
          },
      { "LogName": "NPC Portrait",      "Action": "Load",       "Target": "Portraits/Jessie",
        "FromFile": "assets/img/JessiePortraits.png"
          },
      { "LogName": "Schedule",        "Action": "Load",        "Target": "Characters/schedules/Jessie",
        "FromFile": "assets/schedules/schedule.json",
        "When": {          "HasSeenEvent |contains=191393":false     }
              },
      { "LogName": "Schedule",         "Action": "Load",       "Target": "Characters/schedules/Jessie",
          "FromFile": "assets/schedules/JessieScheduleJojaClosed.json", 
            "When": {              "HasSeenEvent |contains=191393":true                          }
              },
      { "LogName": "Dialogue",         "Action": "Load",     "Target": "Characters/Dialogue/Jessie",
        "FromFile": "assets/dialogue/Dialogue.json"
              },
      { "LogName": "Animations",        "Action": "EditData", "Target": "Data/animationDescriptions",
        "Entries": {
              "Jessie_work": "0 12 24 24 24/20 20 20 20 20 20 21 21 21 20 20 20 22 22 20 20 22 22 20 20 21 21 21 21 20 20 20 23 23 23 20 20 20/24 24 24 12 0",
              "Jessie_exercise": "0 18/16 16 16 16 16 17 17 17 17 16 16 16 16 16 16/18 0",
              "Jessie_waterL": "25/25/25",
              "Jessie_waterR": "26/26/26",
              "Jessie_waterF": "27/27/27"
                }
            },

    { "LogName": "Dialogue",         "Action": "EditData",     "Target": "Characters/Dialogue/Jessie",
      "Entries": {
        "{{season}}_Wed6": "$1 Pregnant_Gift#Hello @. Congratulations of the imminent new arrival. Here's a little something that might help.[351]$k#$e#I hope everything's going well, @."      },
            "When": {   "Pregnant": "@{{playerName}}"      }
        },
/*{ "LogName": "2 Heart Event",
  "Action": "EditData",
  "Target": "Data/Events/Woods",
  "Entries": {
            "6398002/f Jessie 500/d sat sun/t 900 1400/w sunny": "woods/36 13/Jessie 19 16 2 farmer 39 15 3/addTemporaryActor Slimyball 16 16 -100 -100 2 false/skippable/pause 500/move farmer -10 0 0 true/emote Jessie 56/pause 500/ "
  }
},*/

  { "LogName": "4 Heart Event",
    "Action": "EditData",
    "Target": "Data/Events/ClearingHouse",
    "Entries": {
            "6398001/f Jessie 1000/p Jessie/z winter": "spring2/22 20/farmer 24 22 0 Jessie 17 18 3/skippable/pause 500/emote Jessie 56/message \"Someone is singing.\"/pause 1000/move farmer 0 -3 3/pause 500/faceDirection Jessie 1/emote Jessie 32/move Jessie 0 1 1/pause 500/speak Jessie \"Hello @! A lovely day, isn't it!\"/move farmer -4 0 3 true/move Jessie 1 0 1 true/pause 500/emote farmer 32/pause 500/speak Jessie \"I hear you've made quite an impression around here.\"/pause 500/emote farmer 60/pause 500/speak Jessie \"I've got a little gift for you.\"/emote farmer 8/move Jessie 1 0 1/pause 500/speak Jessie \"Give me your hand, @. [{{JessGift}}]\"/playSound give_gift/speak Jessie \"#$b#Here, something to help nurture a friendship.$1\"/pause 500/emote farmer 20/pause 1000/end"
            }
          },
  { "LogName": "8 Heart Event",
    "Action": "EditData",
    "Target": "Data/Events/LodgingHouseBasement",
    "Entries": {
            "6398003/f Jessie 2000/t 0900 1400/d sat sun": "desolate/10 6/farmer -100 -100 0 Jessie 3 6 0/skippable/pause 500/textAboveHead Jessie \"Oh, my Lexi\"/pause 1250/textAboveHead Jessie \"Where are you now?\"/pause 1000/playSound stairsdown/pause 500/warp farmer 5 10/speak Jessie \"Hello @. Welcome to my basement - and my most precious secret.\"/move farmer 0 -2 0/faceDirection farmer 1/pause 500/faceDirection farmer 0/pause 500/move farmer 0 -2 3/faceDirection Jessie 1/pause 500/emote farmer 8/pause 500/speak Jessie \"I know what you're thinking. Did I have a child? And the answer is 'no'.\"/pause 500/faceDirection Jessie 3/pause 500/emote Jessie 40/pause 500/faceDirection Jessie 1/textAboveHead Jessie \"But also yes.\"/pause 500/emote farmer 8/pause 500/move Jessie 0 2 3/speak Jessie \"I found Lexi on the beach. Abandoned and alone. Cast up, perhaps by the tide.\"/pause 500/faceDirection Jessie 0/speak Jessie \"I could hardly leave them there, could I? This tiny infant wrapped in seaweed.$3\"/move farmer -2 0 2/emote farmer 40/pause 500/speak Jessie \"I dared not tell the other villagers of my foundling child. They wouldn't have understood.$2#$b#Many, now, are good folks, but back then... there was a lot of distrust in the uncanny.$2\"/move Jessie -1 0 3/pause 500/speak Jessie \"I scavenged what I could, and raised Lexi as though they were my own.\"/faceDirection Jessie 0/pause 500/speak Jessie \"I've always liked children, @. And if things had turned out differently - if I'd turned out differently - perhaps I would've had my own.$2\"/move Jessie 3 0 0/pause 500/speak Jessie \"As it is, I can't regret the path I've taken.\"/pause 500/move Jessie 0 -2 3/pause 500/faceDirection farmer 1/pause 500/speak Jessie \"I raised Lexi, to the best of my ability.#$b#I taught Lexi not to be human, but to be humane.$3#$b#Lexi grew. And thrived... but the ocean still held their heart.#$b#And it was no life for Lexi here... these two rooms, my garden, and the only water still and sterile.$2\"/move Jessie 0 2 0/speak Jessie \"Lexi grew up, and left me. Lexi returned to the sea.\"/pause 500/faceDirection Jessie 3/speak Jessie \"And, I hope, found their people.\"/pause 500/emote farmer 20/pause 1500/speak Jessie \"Lexi was not my child of blood, but the child of my heart, @.$2#$b#And not a day goes by that I do not miss them. Others might branded Lexi an animal, perhaps even a monster.$3#$b#But Lexi was not, they were just a child who needed to be loved.$5\"/pause 500/faceDirection Jessie 0/pause 1000/end"
                        }
          }




    ]
}