{
    "Format": "1.17.0",
    "ConfigSchema": {
        "LoadJojaMart": {   "AllowValues": "true, false",           "Default": "true"                       },
        "TownMap":      {	"AllowValues": "default, reimagined",   "Default": "default"        			}	
                },
        "DynamicTokens": [
        {     "Name": "bossGuy", "Value": "Lewis", "When": {"IsCommunityCenterComplete":true }  },
        {     "Name": "bossGuy", "Value": "Morris", "When": {"IsCommunityCenterComplete":false } },
        {     "Name": "Costume", "Value": "{{Random:Pirate, Zombie}}" },
        {     "Name": "JessGift",      "Value": "453"     },
        {     "Name": "JessGift",      "Value": "{{JessGift}} 431",         "When":	 { "Hearts:Haley": "1,2,3,4"  }       },
        {     "Name": "JessGift",      "Value": "{{JessGift}} 482",         "When":	 { "Hearts:Shane": "1,2,3,4"  }       },
        {     "Name": "JessGift",      "Value": "{{JessGift}} 453",         "When":	 { "Hearts:Penny": "1,2,3,4"  }       },
        {     "Name": "JessGift",      "Value": "{{JessGift}} 490",         "When":	 { "Hearts:Abigail": "1,2,3,4"  }     },
        {     "Name": "JessGift",      "Value": "{{JessGift}} 745",         "When":	 { "Hearts:Maru": "1,2,3,4"  }        },
        {     "Name": "JessGift",      "Value": "{{JessGift}} 802",         "When":	 { "Hearts:Sam": "1,2,3,4"  }         },
        {     "Name": "JessGift",      "Value": "{{JessGift}} 433",         "When":	 { "Hearts:Harvey": "1,2,3,4"  }      }
                      ],
    "Changes": [

{       "Action": "Include",
        "FromFile": "assets/Jessie.json"
                },
{        "Action": "Include",
        "FromFile": "assets/Juliet.json"
},
{       "Action": "Include",
        "FromFile": "assets/LodgingHouse.json"
},
{       "Action": "Include",
        "FromFile": "assets/MovieTastes.json"
}
/*I said I wouldn't, but I did anyway... with a little help!
SVE compatibility
Sets Juliet as second teller for JojaMart, changes her schedule from working theater. Adds back rooms to JojaMart and Theater.
{       "Action": "Include",
        "FromFile": "assets/SVE Compatiblity.json"
}

*/
    ]
}
