{
"Format": "1.15.0",
"ConfigSchema": {
  "LoadJojaMart": {"AllowValues": "true, false",
        "Default": "true"
                  }
  },
  "DynamicTokens": [
  {   "Name": "bossGuy", "Value": "Lewis", "When": {"IsCommunityCenterComplete":true }  },
  {   "Name": "bossGuy", "Value": "Morris", "When": {"IsCommunityCenterComplete":false } },
  {   "Name": "Costume", "Value": "{{Random:Pirate, Zombie}}" }
    ],
"Changes": [
   
//Data for Social Menu
{   "LogName": "NPC Manifestation",  "Action": "EditData", "Target": "Data/NPCDispositions",
    "Entries": {  "Juliet": "adult/rude/outgoing/negative/female/datable/null/Town/spring 15//LodgingHouse 27 6/Juliet" }
    },
{  "LogName": "NPC Gift Tastes",  "Action": "EditData",  "Target": "Data/NPCGiftTastes",
    "Entries": {  "Juliet": "Wow, fantastic! Did that sound sarcastic? I actually do love this!/376 420 614 651 731/Hey this is great! Wait, did you want something?/283 348 613 724 346 167/Wow. Amazing. More trash. Aren't you generous?/-4 256 231/Oh... great... fantastic... You suck./717 720 276/Thanks. I'm sure I'll find something to do with this.//" }
},// Juliet Loves Poppy, Red Mushroom, Green Tea, Poppyseed Muffin, Maple Bar
//Likes Wine, Apple, Maple Syrup, Beer, Joja cola?, holly
//Dislikes Tomato, fish, Eggplant Parmesan
//Hates Crab, Shrimp, Pumpkin

//Loads Juliet
{   "LogName": "NPC Sprite",  "Action": "Load",  "Target": "Characters/Juliet, portraits/Juliet",  "FromFile": "assets/{{Target}}/Juliet_base.png"  },
{   "LogName": "swimsuit sprites", "Action": "EditImage",  "Target": "Characters/Juliet, Portraits/Juliet",  "FromFile": "assets/{{Target}}/Juliet_swimsuit.png",
       "When":  { "LocationName": "Beach, Temp", "Season": "summer" } },
{   "LogName": "winter sprites", "Action": "EditImage", "Target": "Characters/Juliet, Portraits/Juliet", "FromFile": "assets/{{Target}}/Juliet_winter.png",
         "When": { "IsOutdoors": "true",  "Season": "winter"  }    },
{   "LogName": "Theater Sprites",  "Action": "EditImage", "Target": "Characters/Juliet, Portraits/Juliet",  "FromFile": "assets/{{Target}}/Juliet_theater.png",
         "When": { "LocationName": "TheaterBreakroom"   }   },
{   "LogName": "JojaMart Sprites",  "Action": "EditImage", "Target": "Portraits/Juliet",  "FromFile": "assets/Portraits/Juliet_Joja.png",
          "When": { "LocationName": "JojaMart"   }   },
//Festivals
{  "LogName": "EggFestival", "Action": "EditImage",  "Target": "Characters/Juliet",  "FromFile": "assets/Characters/Juliet_eggfest.png",
        "FromArea": { "X": 0, "Y": 0, "Width": 16, "Height": 128 },  "ToArea": { "X": 0, "Y": 0, "Width": 16, "Height": 128 },
        "When":  {"DayEvent": "egg festival", "LocationName": "Temp" }  },
{  "LogName": "EggFestival", "Action": "EditImage",  "Target": "Portraits/Juliet",  "FromFile": "assets/Portraits/Juliet_eggfest.png",
        "When":  {"DayEvent": "egg festival", "LocationName": "Temp" }  },
{ "LogName": "FlowerFestival","Action": "EditImage", "Target": "Characters/Juliet", "FromFile": "assets/Characters/Juliet_flowerdance.png",
        "FromArea": { "X": 0, "Y": 0, "Width": 16, "Height": 128 },   "ToArea": { "X": 0, "Y": 0, "Width": 16, "Height": 128 },
        "When":    {  "LocationName":"Temp", "DayEvent": "flower dance"  }   },
{ "LogName": "FlowerFestival","Action": "EditImage", "Target": "Portraits/Juliet", "FromFile": "assets/Portraits/Juliet_flowerdance.png",
        "When":    {  "LocationName":"Temp", "DayEvent": "flower dance"  }   },
{ "LogName": "Jellies",  "Action": "EditImage",  "Target": "Characters/Juliet",  "FromFile": "assets/Characters/Juliet_jellies.png",
        "FromArea": { "X": 0, "Y": 0, "Width": 16, "Height": 128 }, "ToArea": { "X": 0, "Y": 0, "Width": 16, "Height": 128 },
        "When":  { "LocationName":"Temp",  "DayEvent": "dance of the moonlight jellies"  }  },
{ "LogName": "Jellies",  "Action": "EditImage",  "Target": "Portraits/Juliet",  "FromFile": "assets/Portraits/Juliet_jellies.png",
        "When":  { "LocationName":"Temp",  "DayEvent": "dance of the moonlight jellies"  }  },
{ "LogName": "SDV fair",  "Action": "EditImage",  "Target": "Characters/Juliet", "FromFile": "assets/Characters/Juliet-Fair.png",
        "FromArea": { "X": 0, "Y": 0, "Width": 16, "Height": 128 },   "ToArea": { "X": 0, "Y": 0, "Width": 16, "Height": 128 },
        "When": {  "LocationName":"Temp",  "DayEvent": "stardew valley fair" }  },
{ "LogName": "SDV fair",  "Action": "EditImage",  "Target": "Portraits/Juliet", "FromFile": "assets/Portraits/Juliet-Fair.png",
        "When": {  "LocationName":"Temp",  "DayEvent": "stardew valley fair" }  },
{ "LogName": "Festival Sprites",  "Action": "EditImage", "Target": "Characters/Juliet",  "FromFile": "assets/Characters/Juliet_{{Costume}}.png",
        "FromArea": { "X": 0, "Y": 0, "Width": 16, "Height": 128 },  "ToArea": { "X": 0, "Y": 0, "Width": 16, "Height": 128 },
        "When":  { "LocationName":"Temp",  "DayEvent": "spirit's eve"  }   },
{ "Logname": "Festival Sprites",  "Action": "EditImage", "Target": "Portraits/Juliet", "FromFile": "assets/Portraits/Juliet_{{Costume}}.png",
        "FromArea": { "X": 0, "Y": 0, "Width": 64, "Height": 64 }, "ToArea": { "X": 0, "Y": 448, "Width": 64, "Height": 64 },
        "When":   {  "LocationName":"Temp", "DayEvent": "spirit's eve" }
    },
//Schedules
  {   "LogName": "Schedule",  "Action": "Load",  "Target": "Characters/schedules/Juliet",
        "FromFile": "assets/schedules/JulietSchedule.json",
        "When": { "HasSeenEvent |contains=191393": "false" }   },
  {   "LogName": "Schedule", "Action": "EditData", "Target": "Characters/schedules/Juliet",
        "Entries": {  "Rain": "GOTO Sun" },  "When": { "DayofWeek": "Sunday" }  },
  {   "LogName": "Schedule",  "Action": "Load",  "Target": "Characters/schedules/Juliet",
        "FromFile": "assets/schedules/JulietScheduleJojaClosed.json",
        "When": { "HasSeenEvent |contains=191393":true, "HasFlag |contains=ccMovieTheater":false }  },
  {   "LogName": "Schedule",  "Action": "Load", "Target": "Characters/schedules/Juliet",
        "FromFile": "assets/schedules/JulietScheduleTheater.json",
        "When": { "HasFlag |contains=ccMovieTheater": true, "HasFlag |contains=ccMovieTheaterJoja":false }  },

  //changes schedule if you encourage her to play drums (ES not installed)
      { "LogName": "Schedule",  "Action": "EditData",  "Target": "Characters/schedules/Juliet",
        "Entries": {  "Sat": "700 LodgingHouse 21 16 1/900 ClearingHouse 16 7 3/1100 SamHouse 16 18 0 Juliet_drums/1500 Beach 44 35 2/1800 Saloon 42 20 3/2400 LodgingHouse 27 6 2 Juliet_sleep"  },
              "When": {"HasDialogueAnswer": "8571103, 8571105"}
      },
  //East Scarpe installed
  {    "LogName": "Schedule - if East Scarpe installed",  "Action": "EditData", "Target": "Characters/schedules/Juliet",
        "Entries": {"Sat": "700 LodgingHouse 21 16 3/900 LodgingHouse 33 7 0 Juliet_drums/1020 ClearingHouse 25 20 2/1100 EastScarpe 24 109 2/1400 EastScarpe 56 41 2/1700 Saloon 42 21 3/2400 LodgingHouse 27 6 2 Juliet_sleep" },
        "When": { "HasSeenEvent": "86571101", "HasMod":"LemurKat.EastScarpe.TMX" }	},
  {    "LogName": "Schedule - if East Scarpe installed", "Action": "EditData", "Target": "Characters/schedules/Gremlin",
        "Entries": { "Sat": "700 LodgingHouse 19 17 0 Gremlin_sit/900 ClearingHouse 19 19 1 square_3_3/1030 ClearingHouse 24 20 2 Gremlin_sit/1100 EastScarpe 33 111 1 square_4_4/1400 EastScarpe 57 40 2/1700 Saloon 41 22 1 Gremlin_sit/2400 LodgingHouse 27 6 2 Gremlin_sleep"},
        "When": { "HasSeenEvent": "86571101", "HasMod":"LemurKat.EastScarpe.TMX" }	},
        

//Dialogue
{  "LogName": "Dialogue",  "Action": "Load",  "Target": "Characters/Dialogue/Juliet",  "FromFile": "assets/dialogue/JulietDialogue.json"  },
{  "LogName": "Seasonal Joja Dialogue",  "Action": "EditData",  "Target": "Characters/Dialogue/Juliet",  
      "Entries": { "JojaMart_Tue": "Can I interest you in a nice pair of juicy, ripe melons? End of aisle one, fresh from the Gem Isles!$1" },
            "When":{ "Season": "summer"  }  },
{  "LogName": "Seasonal Joja Dialogue",  "Action": "EditData",  "Target": "Characters/Dialogue/Juliet",
      "Entries": { "JojaMart_Tue": "How about some eggplant seeds? You know what they say about girls and eggplants...? We love 'em deepfried!$1" },
            "When":{ "Season": "fall"  }   },
{   "LogName": "Seasonal Joja Dialogue",  "Action": "EditData", "Target": "Characters/Dialogue/Juliet",
      "Entries": { "JojaMart_Tue": "Are you lonely and cold on that farm of yours? We've got some great hot chilli-sauce! Guaranteed to warm you from head to ah... you know where!$1"  },
            "When":{  "Season": "winter"  }   },
{	"LogName": "Schedule Dialogue", "Action": "Load",	"Target": "Strings/schedules/Juliet",	"FromFile": "assets/dialogue/ScheduleDialogueJuliet.json" },
{	"LogName": "Rainy Day Dialogue",	"Action": "EditData",	"Target": "Characters/Dialogue/rainy",
	    "Entries": {
        "Juliet": "I love the sound of the rain. And the best thing? I don't have to go to work!",
        "Jessie": "It's a beautiful day, isn't it @? Of course I know it's raining! The plants love it, and it means Juliet is forced to spend quality time with me.$1"	} 	},

//Animations   
{  "LogName": "Animations",  "Action": "EditData",  "Target": "Data/animationDescriptions",
  "Entries": {
        "Juliet_work": "12 24 24 24/16 16 16 17 17 18 18 19 19 18 18 18 19 19 19 18 18 18 19 19 19 17 17 20 20 20 20 20 20 21 21 21 20 20 20 22 22 20 20 22 22 20 20 21 21 21 21/24 24 24 12",
        "Juliet_drums": "8/29 30 31/8",
        "Juliet_sleep": "39/39/39",
        "Juliet_yoyo": "0/32 32 33 33 34 34 35 35 35 35 35 35 35 35 35 35 35/0",
        "Gremlin_sit": "4/16 16 16 16 17 17 17 17/4",
        "Gremlin_sleep": "0/19/0"  }  },
{  "LogName": "Engagement Dialogue",  "Action": "EditData",  "Target": "Data/EngagementDialogue",
        "Entries": {
    "Juliet0": "Hmm, last days of freedom. What to do? Oh, I'm teasing, @. I'm excited! Really!",
    "Juliet1": "Hey, @. I seem to remember there's something I'm supposed to be doing tomorrow... but I can't quite remember what it was.#$b#Just kidding! We're getting hitched and you'll be stuck with me forever!"    }
}, 
//Changes Shane's schedule on rainy days
{  "LogName": "Schedule",  "Action": "EditData",  "Target": "Characters/schedules/Shane",
  "Entries": {  "rain": "700 Town 95 51 0/850 JojaMart 9 25 1/1700 Saloon 21 17 2 shane_drink/2300 AnimalShop 27 4 1 shane_sleep" },
          "When": { "IsCommunityCenterComplete": false  }   },

//Events
{ "LogName": "Removes bushes from KIM", "Action": "EditMap", "Target": "Maps/Town",
    "MapTiles": [   
      {    "Position": { "X": 109, "Y": 57 },  "Layer": "Paths",  "Remove":true },
      {    "Position": { "X": 105, "Y": 61 },  "Layer": "Paths",  "Remove":true }      ],
        "When": { "HasMod":"Karmylla.ImmersiveMaps",  "HasSeenEvent |contains=86571101": false   }    
                   },
//Loads Data/Events for areas without them (including some never used)
{  "LogName": "LodgingHouse Events",  "Action": "Load", "Target": "Data/Events/LodgingHouse",  "FromFile": "assets/events/LodgingHouse.json" },
{  "LogName": "ClearingHouse Events", "Action": "Load", "Target": "Data/Events/ClearingHouse", "FromFile": "assets/events/ClearingHouse.json"  },
{  "LogName": "Joja Breakroom Events", "Action": "Load", "Target": "Data/Events/JojaBreakroom", "FromFile": "assets/events/JojaBreakroom.json"  },
{  "LogName": "Basement Events",  "Action": "Load", "Target": "Data/Events/LodgingHouseBasement",  "FromFile": "assets/events/LodgingHouseBasement.json" },
{	"Logname": "JojaMart Events",	"Action": "Load",	"Target": "Data/Events/JojaMart",  "FromFile": "assets/events/JojaMart.json",
    "When": { "LoadJojaMart":true  }    
        },
//4 and 8 heart events
{   "LogName": "Temp Actor Melon",  "Action": "Load",  "Target": "Characters/Melon",  "FromFile": "assets/img/melon.png"  },
{  "LogName": "Juliet 4 and 8-heart events",  "Action": "EditData",  "Target": "Data/Events/Town",
  "Entries": {
      "86571101/f Juliet 1000/t 1600 1800/d Sat Sun/w sunny": "none/-100 -100/Juliet 96 53 2 farmer 107 63 0/addTemporaryActor Gremlin 16 32 109 56 1 false/addConversationTopic JulietGremlin 3/animate Gremlin false true 300 22 22 23 23 23/skippable/viewport 100 59/playSound trashcan/move Juliet 0 3 1/pause 500/playSound dogWhining/jump Juliet 3/pause 500/emote Juliet 16/pause 500/playSound trashcan/pause 500/move Juliet 2 0 1/textAboveHead Juliet \"Hey puppy.\"/move Juliet 2 0 1/pause 1000/move Juliet 2 0 1/pause 1000/textAboveHead Juliet \"Don't be scared.\"/pause 1000/move farmer 0 -2 0/pause 500/stopAnimation Gremlin/pause 500/faceDirection Gremlin 3/shake Gremlin 250/showFrame Gremlin 18/pause 500/faceDirection Juliet 2/pause 500/speak Juliet \"Stop! You'll scare her.$5\"/pause 500/emote farmer 28/pause 500/playSound dog_bark/pause 500/shake Gremlin 250/playSound dog_bark/faceDirection Juliet 1/showFrame Juliet 26/pause 500/speak Juliet \"It's okay. We're not gonna hurt you. Here, I got you something.\"/addObject 104 56 641 0/pause 500/emote farmer 40/showFrame Gremlin 12/pause 500/playSound dog_pant/move Gremlin -1 0 3/pause 500/move Gremlin -1 0 3/pause 500/playSound dog_bark/textAboveHead Juliet \"It's okay girl.\"/move Gremlin -2 0 1/animate Gremlin false true 250 26 27 26 27 12 12 12 12/advancedMove Juliet false -1 0 0 5 4 0/faceDirection Juliet 1/pause 1500/speak Juliet \"What? Yeah, it's Joja meat, so mostly water and growth hormones, but it shouldn't hurt her.$3#$b#Yoba, what were you thinking charging in like that?\"/pause 500/faceDirection farmer 3/emote farmer 40/speak Juliet \"$q 86571116 null#You almost scared her away!#$r 8651116 25 Juliet_Gremlin_Apologise#I'm sorry...I didn't mean to scare her#$r 8651116 0 Juliet_Gremlin_Charge#What do you mean charging?#$r 8651118 -50 Juliet_Gremlin_Pest#You shouldn't be encouraging vermin.\"/pause 500/fork 8651118 Juliet_Gremlin_Disgust/pause 500/faceDirection Juliet 0/faceDirection farmer 0/speak Juliet \"Well, no harm, no foul, right? She's been hanging around for days. Poor thing.$2#$b#I've been trying to get her to trust me. Doesn't help Morris throws junk at her everytime he sees her.$5\"/removeSprite 104 56/stopAnimation Gremlin/showFrame Gremlin 0/pause 500/move Gremlin 0 2 2/pause 1000/emote Juliet 32/pause 500/move Gremlin 0 1 2/pause 1000/emote farmer 28/move Gremlin 0 1 2/textAboveHead Gremlin \"Arruuu?\"/pause 500/warp Gremlin -100 -100/showFrame Juliet 27/pause 1000/emote Juliet 20/pause 500/faceDirection farmer 3/emote farmer 32/pause 1000/end dialogue Juliet \"She followed me home, @... I guess I have a dog now?$1\"",
      "Juliet_Gremlin_Disgust": "pause 500/emote Juliet 12/pause 500/faceDirection Juliet 0/pause 1000/emote farmer 28/pause 500/speak Juliet \"%Juliet is ignoring you.\"/pause 1000/end",
      "86571120/e 86571110/f Juliet 2000/p Juliet/w sunny": "continue/83 32/Juliet 94 25 1 farmer 94 34 0 {{bossGuy}} 94 45 0/skippable/addTemporaryActor Melon 16 16 -100 -100 0 false/animate Juliet false false 150 49 49 49 49 50 50 51/warp Melon 95 25/speed Melon 7/playSound throw/move Melon 6 0 0/warp Melon -100 -100/playSound slimedead/addObject 100 24 255 0/pause 500/animate Juliet false false 150 49 49 49 49 50 50 51/warp Melon 95 25/speed Melon 7/playSound throw/move Melon 6 0 0/warp Melon -100 -100/playSound slimedead/addObject 101 24 255 0/emote farmer 8/showFrame Juliet 49/pause 500/showFrame Juliet 50/move farmer 0 -7 0/pause 500/jump Juliet 2/showFrame Juliet 51/playSound slimedead/addObject 97 25 255 0/faceDirection Juliet 2/emote Juliet 12/speak Juliet \"You startled me!\"/quickQuestion #What are you doing?#Why are you wasting melons?#I'm sorry!(break)speak Juliet \"What does it look like I'm doing?$5\"(break)speak Juliet \"Oh, relax, @. They're not your precious organic farm-grown melons. They're Joja crap destined for the dumpster.\"(break)speak Juliet \"No worries.\"/pause 500/speak Juliet \"I can see why emo-kid enjoys this so much. It's intensely satisfying. Better stress relief than coloring in!#$b#You wanna have a go?\"/emote farmer 40/showFrame Juliet 49/pause 500/speed {{bossGuy}} 3/move {{bossGuy}} 0 -10 0/showFrame Juliet 50/jump {{bossGuy}} 3/pause 500/emote {{bossGuy}} 16/speed {{bossGuy}} 7/move {{bossGuy}} 0 -5 0/emote {{bossGuy}} 16/pause 500/speak {{bossGuy}} \"What are you doing?!!$3\"/faceDirection farmer 2/faceDirection Juliet 2/jump Juliet 3/textAboveHead Juliet \"Busted! Run!\"/speed Juliet 3/move Juliet 0 -2 0 true/speed farmer 3/move farmer 0 -2 0 true/globalFade/viewport -2000 -2000/warp Juliet 46 33/warp farmer 45 33/warp {{bossGuy}} -100 -100/faceDirection Juliet 3/faceDirection farmer 1/positionOffset farmer 0 6/viewport 37 38/pause 500/faceDirection Juliet 1/pause 500/faceDirection Juliet 3/pause 500/textAboveHead Juliet \"Phew!\"/speak Juliet \"That was hilarious! Did you see the look on his face!\"/emote farmer 60/speak Juliet \"But ugh, I suppose I'll suffer the consequences tomorrow. He's such a freaking killjoy.$5\"/pause 500/faceDirection Juliet 1/playMusic desolate/pause 500/emote Juliet 40/speak Juliet \"Sometimes I just feel like I'm a kettle full of bitter, angry energy, @.$5#$b#It boils in every pore and I can't hold it back...$2#$b#Bashing the crap out of the drums helps... Smashing melons helps...#$b#But nothing really wipes away the guilt.$2\"/pause 500/shake Juliet 250/pause 500/move Juliet 3 0 1/pause 500/emote Juliet 28/pause 500/move farmer 3 0 1/pause 500/faceDirection Juliet 3/pause 500/emote Juliet 60/pause 500/speak Juliet \"Yoba, listen to me. You didn't want an invite to my self-pity party.$5#$b#I know I can't change the past... that I've gotta find redemption inside myself. But I'm not gonna lie, it's freaking hard.$2#$b#I'm just real lucky to have people who've got my back: Jessie, Gremlin. And you.$4\"/pause 500/emote farmer 20/speak Juliet \"Thank you, @, for putting up with my BS.$4\"/pause 500/emote Juliet 20/emote farmer 32/pause 400/speak Juliet \"Okay, enough wallowing!#$b#Wanna do something totally crazy? Let's jump naked in the lake!$1\"/pause 500/emote farmer 28/pause 1000/end"      }
  },
// 6-heart event
{    "LogName": "Juliet 6-heart - jojaMart",  "Action": "EditData",   "Target": "Data/Events/JojaMart",
    "Entries": {
     "86571110/f Juliet 1500/e 86571101/d Sat Sun/t 0900 1700": "none/13 11/Juliet 2 8 1 Morris 4 8 3 farmer 2 13 0/skippable/pause 500/speak Juliet \"...It was going in the trash anyway. It's not my fault that you over-ordered!$5\"/emote Morris 12/emote Juliet 12/shake Juliet 350/faceDirection Juliet 0/textAboveHead Juliet \"Screw you Morris\"/speed Juliet 7/move Juliet 0 -4 0/warp Juliet -100 -100/playSound doorClose/speed farmer 5/move farmer 0 -5 1/textAboveHead Morris \"Insolent brat!\"/emote farmer 40/speed farmer 5/move farmer 0 -4 0/warp farmer -100 -100/playSound doorClose/globalFade/viewport -2000 -2000/changeLocation JojaBreakroom/viewport -1000 -1000/warp Morris -100 -100/warp Juliet 2 5/faceDirection Juliet 1/advancedMove Juliet false 6 0 -6 0/viewport 11 7/textAboveHead Juliet \"Idiot...\"/pause 3000/emote Juliet 12/warp farmer 2 10/pause 500/move farmer 0 -2 0/showFrame Juliet 8/quickQuestion #Are you okay?#How can I help?#What have you done now?#Well, Morris is a pillock, isn't he?(break)jump Juliet\\faceDirection Juliet 2\\speak Juliet \"Do I look like I'm freaking okay?$5\"(break)jump Juliet\\faceDirection Juliet 2\\speak Juliet \"Don't give me that customer service BS.$4\"(break)jump Juliet\\faceDirection Juliet 2\\speak Juliet \"Oh, so it's MY fault now, @? I thought we were friends...$5\"(break)jump Juliet\\faceDirection Juliet 2\\speak Juliet \"Too freaking right.$4\"/pause 500/faceDirection Juliet 0/speak Juliet \"I hate him. Sometimes I wish I could just freaking quit.$5\"/question null \"#Well?...Why don't you?#Say nothing.\"/playMusic sappypiano/speak Juliet \"Because I can't, all right? You do the crime, you do the time. And it's not like I don't deserve it.$2#$b#Have you ever done something so freaking terrible that it just made you wish you could restart the day afresh and do things different?$2\"/pause 500/emote farmer 28/pause 500/speak Juliet \"No? I have, and I did. And no, I don't want to talk about it.$2\"/pause 500/advancedMove Juliet false 4 0 -4 0/speak Juliet \"And if I'm exiled to this tiny town in the tail-end of nowhere and indentured to the megacorp master, so what? I got off lightly. He didn't.$2\"/pause 500/faceDirection Juliet 0/pause 500/move farmer 0 -2 0/move Juliet -1 0 3/shake Juliet 350/pause 500/quickQuestion #What did you do?#I'm here for you.#Did you kill someone?(break)emote Juliet 12\\speak Juliet \"I was young and dumb. Not that that's any freaking excuse.$2#$b#And what part of 'I don't want to talk about it don't you understand?$5#$b#But, I 'spose it's gonna come out sooner or later, and you deserve to know.$2\"(break)emote Juliet 40\\speak Juliet \"Really? Are you sure about that, @?$3#$b#You might not be, if you knew the full story.$5#$b#I suppose I'd better tell you, so you can run for the hills now while you still have the chance.$2\"(break)faceDirection Juliet 3\\pause 500\\shake Juliet 250\\speak Juliet \"No... not exactly...$2\"/pause 500/emote farmer 28/move Juliet 0 2 1/faceDirection farmer 2/speak Juliet \"To put it bluntly: someone died...because of me..$2#$b#It was an accident... two kids, drunk on impulsivity and cheap vodka. He thought it would be funny... but no-one's laughing now.$2\"/pause 500/emote farmer 40/pause 500/speak Juliet \"He was my brother, my idol. And I would've followed him into the freaking void.$2#$b#I could've stopped him. Should've stopped him. But instead I got dragged into his dumbass pranks and schemes... And everything went horrible wrong.$2\"/pause 500/emote Juliet 40/pause 500/speak Juliet \"Now he's got a life sentence, and I'm in exile.$2#$b#Anyhow that's it, and now I guess you're gonna do the sensible thing, and walk away.$2\"/question fork0 \"...#Walk away#Stay and comfort Juliet\"/fork WalkAway/pause 500/move farmer 0 1 3/positionOffset farmer -4 0/speak Juliet \"Really? You wanna stick with me, despite... well, despite everything?$4\"/pause 500/emote farmer 32/pause 500/showFrame farmer 89/positionOffset farmer -2 0/showFrame Juliet 48/positionOffset Juliet 4 0/speak Juliet \"Thank you, @. That means a lot.$4\"/emote Juliet 20/pause 1000/end"
    }
  },
// 10 heart event
  { "Action": "Load", "Target": "Maps/Cemetery", "FromFile": "assets/img/Cemetery.tmx"    },
  { "Action": "Load", "Target": "Characters/crowLK",  "FromFile": "assets/img/crow.png"   },
  {	"Action": "EditData", "Target": "Data/Events/Farm",
      "Entries":{ "86571130/f Juliet 2502/e 86571120/x Juliet_invite": "null" }  },
  { "Action": "EditData", "Target": "Data/mail",
       "Entries":{ 
          "Juliet_invite": "Hey babe!^Guess what? The powers-that-be have granted me parole, and there's someone in Grampleton I've gotta talk to.^No pressure, but if you could come along and hold my hand - metaphorically or literally! - I could really use the company.^I'll be headed out after 5 pm, if you want to meet me at the bus stop?^- Juliet. [#]Juliet's request"     }  },
  { "Action": "EditData", "Target": "Data/Events/BusStop",
    "Entries":{
      "86571131/t 1700 1900/n Juliet_invite": "continue/12 11/farmer 12 19 0 Juliet 13 10 0/skippable/pause 500/move farmer 0 -4 0/faceDirection Juliet 2/emote Juliet 20/move farmer 0 -1 0/move Juliet 0 1 2/speak Juliet \"You came! I mean. Of course, I knew you would, cos I'm irresistable and I've piqued your curiosity...but still...$1#$b#Thank you, @. It means a lot.$4\"/emote farmer 32/pause 1500/emote farmer 8/pause 1000/speak Juliet \"Where are we going? Oh, to visit someone... It's time I finally laid my past to rest.$2\"/faceDirection Juliet 3/speak Juliet \"Come on, we should go. Let's get this done.$2\"/pause 500/move farmer 0 -4 0/globalFade/viewport -1000 -1000/playMusic none/pause 800/playSound busDriveOff/pause 4000/changeToTemporaryMap Cemetery false/speak Juliet \"Dammit... I'm nervous... This is my first time going to visit him. And yeah, I know it's dumb but...$2\"/Message \"Juliet is shaking.\"/pause 1000/playSound busDoorOpen/speak Juliet \"Well, here we are then... the dead center of town...$2#$b#... Grampleton Memorial Garden.$2\"/pause 500/warp Juliet 11 25/faceDirection Juliet 1/warp farmer 12 25/faceDirection farmer 0/playMusic {{season}}_day_ambient/viewport 11 19/advancedMove Juliet false 0 -10/move farmer 0 -10 0/pause 1000/faceDirection Juliet 1 true/faceDirection farmer 3 true/pause 500/speak Juliet \"Not what you expected?\"/emote farmer 32/pause 500/faceDirection Juliet 3/pause 500/faceDirection Juliet 1/speak Juliet \"Peaceful, isn't it? Kind of boring. I bet he hates it.\"/advancedMove Juliet false 0 -4 -2 0 -1 0/move farmer 0 -4 3/move farmer -3 0 0/viewport move 0 -2 2000 true/faceDirection farmer 3 true/faceDirection Juliet 0/pause 2500/faceDirection farmer 0/Message \"Nathanial Donahue^Taken too soon. Forever in our hearts.\"/pause 500/speak Juliet \"Hey Nate. Sorry I've been a crap little sis. First I let you get yourself killed, then I fell off the damn rails and got myself exiled, so I couldn't even visit you.$2#$b#Anyhow, I'm here now and I've brought someone to meet you.$4\"/pause 500/faceDirection Juliet 1 true/faceDirection farmer 3 true/pause 500/emote Juliet 20/pause 500/faceDirection Juliet 0/speak Juliet \"Yeh life ain't too bad; I've found good people who've helped me pick up the freaking mess I'd made.\"/pause 500/faceDirection Juliet 1/pause 400/faceDirection Juliet 0/speak Juliet \"Anyway, it sucks that you didn't get this chance too, Nate. But I hope that, wherever you are, you've finally found peace.$2#$b#Either that or you're raising hell.$1#$b#Here... I brought you something. I know, it's lame and you're probably gonna hate it. Either that, or the next visitor is gonna nick it. But tough.\"/pause 500/addObject 8 10 562/pause 1500/faceDirection Juliet 1/pause 500/speak Juliet \"Thanks for coming with me, @. It well... It means a lot.$4\"/animate Juliet false false 4500 28/animate farmer true false 4500 101/positionOffset farmer -10 0/positionOffset Juliet 10 0/textAboveHead Juliet \"<\"/addTemporaryActor crowLK 16 32 20 9 3 false/move crowLK -12 0 3/pause 1500/showFrame crowLK 16/playSound crow/pause 500/jump Juliet 2/pause 1000/animate crowLK false false 1000 16 17 16/faceDirection Juliet 0 true/faceDirection farmer 0 true/pause 500/emote Juliet 8/pause 4000/textAboveHead Juliet \"Nathan?\"/pause 1000/faceDirection farmer 3/emote farmer 16/playSound crow/faceDirection Juliet 1/pause 1000/emote Juliet 60/pause 3000/end dialogue Juliet \"Yeh, I know, it was just a passing fancy... I don't really believe my brother came back as a crow.$4#$b#But I can't help but hope there's something after death, something more than the cold, dark embrace of the void.$2\""   }    },    
    
//Festival Dialogue for Jessie and Juliet

{  "LogName": "Egg Festival Dialogue",  "Action": "EditData",  "Target": "data/festivals/spring13",
    "Entries": {
        "Juliet": "Hey farmer, you gonna chase after the eggs? Me? Nah. I think I'd rather hang back and check out the talent.$8",
        "Jessie": "Hello @. You know, it would be nice if the kids could win the egg hunt for once.$1#$b#But Abigail? She's been winning it every year since she was a child. Very competitive spirit, that lass."
        } },
{  "LogName": "Flower Dance Dialogue",  "Action": "EditData", "Target": "data/festivals/spring24",
    "Entries": {
        "Juliet": "How quaint, everyone's all paired neatly off. Wanna shake it up a bit, @?$9#$b#Go on, ask Sebastian to dance, I dare ya.^Go on, ask Abigail to dance, I dare ya.$9",
        "Jessie": "It's lovely to see everyone gathered together, but a little overwhelming too."
      }  },
{  "LogName": "Luau Dialogue", "Action": "EditData", "Target": "data/festivals/summer11",
    "Entries": {
        "Juliet": "Did you find something good to add to the soup? I was gonna put in one of those red mushrooms, but Gale talked me out of it.",
        "Jessie": "I'm pleased to see you made it. Hopefully I won't need any of my special ginger tea tomorrow!",
        "Gremlin": "Arf!$4"
      } },
{  "LogName": "Jellyfish Dialogue", "Action": "EditData",  "Target": "data/festivals/summer28",
    "Entries": {
        "Juliet": "Hey @! If I were to jump in right now, do you think they'd consider me one of their own?$12#$b#Nah, they'd probably just sting me to death!$12",
        "Gremlin": "Arp?#$b#%Gremlin seems to be watching the water.",
        "Jessie": "There's something mystical about the jellyfish. They're so insubstantial, yet they travel so far and visit us every year."
      }  },
{  "LogName": "Fair Dialogue",  "Action": "EditData",  "Target": "data/festivals/fall16",
  "Entries": {
        "Juliet": "Not meaning to brag, but I'm so good with the slingshot that they won't let me play anymore.$13#$b#I pretend I'm shooting Morris between the eyes!$13",
        "Jessie": "Too much excitement for me, my dear. I would rather stay here and let Linus keep me company.",
        "Gremlin": "Arp!$1#$b#%Gremlin looks at you expectantly, hoping your brought her a treat."
       }  },
{   "LogName": "Spirit's Eve Dialogue",  "Action": "EditData",  "Target": "data/festivals/fall27",
    "Entries": {
      "Juliet": "Have you heard the tale of the white woman, @? No?$14#$b#Legend says she lost her child, long ago, then took her own life in despair.$14#$b#On Spirit's Eve, when the veil between our world and the shadow world grows thin, she prowls the woods, seeking that which she has lost...$14#$b#...an innocent child to claim as her own.$14",
      "Jessie": "Oh... Spirit's Eve sends shivers down my spine. The folk here don't realize that it's their happiness and good cheer that keeps the void's creeping touch at bay.$2"     
    }  },
{   "LogName": "Ice Festival Dialogue", "Action": "EditData", "Target": "data/festivals/winter8",
    "Entries": {
      "Juliet": "Got bored too, eh? I mean, snowmen are cool and all that...#$b#Hah, get it? Yeh, sometimes I just kinda want a bit of space to myself, you know?$3",
      "Jessie": "I hope you're keeping warm today, @. Festivals are a good opportunity to catch up with everyone.",
      "Gremlin": "Arp!#$b#%Gremlin licks snow from your hands. She's very warm."            
      }     },
{   "LogName": "Winter Star Dialogue", "Action": "EditData", "Target": "data/festivals/winter25",
  "Entries": {
    "Juliet": "Hey @! Happy Winter Star. Hope you get an extra special something this year.",
    "Jessie": "It's so lovely to see everyone gathered together."
     }   },
     {   "LogName": "Ice Festival Dialogue", "Action": "EditData", "Target": "data/festivals/winter25",
      "Entries": {
        "Juliet": "Hey babe! Chilly, isn't it? Wanna snuggle for warmth? Here, I got you a little something.[459]"
         }, "When": {"Relationship:Juliet": "Dating, engaged, married"}   },
  
//Gremlin
{   "LogName": "Gremlin Sprite",    "Action": "Load",  "Target": "Characters/Gremlin",  "FromFile": "assets/img/Gremlin.png"    },
{   "LogName": "Gremlin Portrait",  "Action": "Load",  "Target": "Portraits/Gremlin",  "FromFile": "assets/img/Gremlin_collar.png"  },
{   "LogName": "Gremlin Dialogue",  "Action": "Load",  "Target": "Characters/Dialogue/Gremlin",  "FromFile": "assets/dialogue/GremlinDialogue.json" },
{   "LogName": "Gremlin Schedule",  "Action": "Load",  "Target": "Characters/schedules/Gremlin", "FromFile": "assets/schedules/GremlinSchedule.json",
            "When": { "HasSeenEvent |contains=86571101":true, "HasSeenEvent |contains=191393":false  }   },
{   "LogName": "Schedule",  "Action": "Load", "Target": "Characters/schedules/Gremlin",  "FromFile": "assets/schedules/GremlinScheduleJojaClosed.json",
            "When": { "HasSeenEvent |contains=191393":true, "HasFlag |contains=ccMovieTheater":false }  },
{   "LogName": "Gremlin's AntiSocial Flag",  "Action": "EditData", "Target": "Data/AntiSocialNPCs", "Entries": { "Gremlin": true },
            "When": { "HasSeenEvent |contains=86571101":true,  "HasMod": "SuperAardvark.AntiSocial"}  },
{   "LogName": "NPC Manifestation", "Action": "EditData","Target": "Data/NPCDispositions", "Entries": { "Gremlin": "child/neutral/shy/positive/female/not-datable/null/Town/null//LodgingHouse 29 7/Gremlin" },
            "When": { "HasSeenEvent":"86571101", "HasMod": "SuperAardvark.AntiSocial"  }   },    

//movies!
{  "LogName": "Places Juliet into Theater", "Action": "EditImage",  "Target": "Maps/MovieTheater_TileSheet", "FromFile": "assets/img/JulietTheaterPatch.png",
    "FromArea": { "X": 0, "Y": 0, "Width": 64, "Height": 32},  "ToArea":   { "X": 192, "Y": 160, "Width": 64, "Height": 32}   },
 
{ "LogName": "Movie Theatre Default",	"Action": "EditData", "Target": "Data/MoviesReactions",	 "FromFile": "assets/MovieTastes.json"  },
{ "LogName": "Movie Theatre - Concession Tastes Default",	"Action": "EditData",	"Target": "Data/ConcessionTastes", "FromFile": "assets/Concessions.json" },
/*{ "NPCName": "Juliet",  
  "Reactions": [   {
        "Tag": "*",
        "Response": "reject",
        "Whitelist": [],
        "SpecialResponses": null,
        "ID": "reaction_0"
      }
    ],
    "When": {
      "DayofWeek": "Mon, Tue, Wed, Thu"
    }
  },*/


//Compatibility Patches

{
  "LogName": "Yoba Worship if Paul or Amelia are present",
  "Action": "EditData",
  "Target": "Characters/schedules/Juliet",
  "Entries": {
   "Sun": "700 LodgingHouse 21 16 1/900 LodgingHouse 33 7 0/1100 SeedShop 37 22 0/1400 Town 95 51 0/1700 JojaMart 9 25 1 Juliet_work/2300 Town 34 10 2/2400 LodgingHouse 27 6 2 Juliet_sleep"
          },
    "When": {        "HasMod": "Ginnyclaire.Paul, midnightsky550"   }
      },

{
  "LogName": "Woman in a Painting",
  "Action": "EditData",
  "Target": "Characters/Dialogue/Juliet",
  "Entries": {
"CommunityCenter_Fri": "$1 Juliet_Painting#Have you checked out that door in the corner yet, @? You should definitely go in there!$1$k#$e#That painting's creepy isn't it? Her eyes really seem to follow you around the room.$3",
"CommunityCenter_Mon": "Sometimes I hear someone singing in here, @. But when I look around, there's no one here.$2#$b#She's got a sweet voice though, I wonder who she is? Or was!$3"
          },
    "When": {"HasMod": "MIDI.MysteriousWoman"}
        }


 
  ]
}