{
  "loadLate": true,
  
  "addMaps": [   
   
	{
      "name": "ClearingHouse",
      "file": "assets/ClearingHouse.tbin"
    },
	{
      "name": "LodgingHouse",
      "file": "assets/LodgingHouse.tbin"
   },
   {	"name": "JojaBreakRoom",
		  "file": "assets/JojaBreakRoom.tmx"
	
   },
   

   {  "name": "TheaterBreakroom",
      "file": "assets/TheaterBreakroom.tmx"  
  },
 
   {	
     "name": "LodgingHouseBasement",
    "file": "assets/LodgingHouseBasement.tbin"

 }

  ],
    
  "mergeMaps": [
         {
        "name": "MovieTheater",
        "file": "assets/MovieTheater-altClerk.tmx",
        "sourceArea": [ 0, 0, 1, 2 ],
        "position": [ 7, 4 ],
        "Conditions": "d Mon Tue Wed Thu Fri"
      },
      {
        "name": "MovieTheater",
        "file": "assets/MovieTheater-altClerk.tmx",
        "sourceArea": [ 0, 0, 1, 2 ],
        "position": [ 7, 4 ],
        "Conditions": "d Sat Sun/t 1700 2300"
      },
      {
        "name": "Town-Theater",
        "File": "assets/TheaterDoor.tmx",
        "sourceArea": [0,0, 1, 2],
        "position": [ 100, 49 ]
				
				
      },
      {
        "name": "Town",
        "File": "assets/JojaWarpPatch.tbin",
        "sourceArea": [0,0, 4, 3],
        "position": [ 90, 44 ]
				
				
      }
     
  
],



 "onlyWarps":[
    {
      "name": "Town", 
      "addWarps": [
        "33 0 ClearingHouse 24 29 34 0 ClearingHouse 25 29 35 0 ClearingHouse 26 29 92 45 TheaterBreakroom 2 11"
      ]
    },
	{
      "name": "ClearingHouse", 
      "addWarps": [
        "23 30 Town 34 2 24 30 Town 34 2 25 30 Town 34 2 26 30 Town 34 2 27 30 Town 34 2 28 30 Town 34 2"
      ]
    }
  ],

"festivalSpots": [
  {
    "name": "Juliet",
    "map": "Town-EggFestival",
    "position": [31, 61],
    "direction": 3,
    "position2": [39, 71],
    "direction2": 3
          },
  {
    "name": "Gale",
    "map": "Town-EggFestival",
    "position": [16, 63],
    "direction": 2,
    "position2": [16, 57],
    "direction2": 2
          },
  {
    "name": "Juliet",
    "map": "Forest-FlowerFestival",
    "position": [5, 38],
    "direction": 3,
    "position2": [23, 20],
    "direction2": 3
          },
  {
    "name": "Gale",
    "map": "Forest-FlowerFestival",
    "position": [25, 25],
    "direction": 3,
    "position2": [21, 30],
    "direction2": 0
          },

{
  "name": "Gale",
  "map": "Beach-Luau",
  "position": [41, 17],
  "direction": 3,
  "position2": [38, 15],
  "direction2": 0
        },        

{
  "name": "Juliet",
  "map": "Beach-Luau",
  "position": [26, 17],
  "direction": 2,
  "position2": [25, 19],
  "direction2": 1
        },   

{
  "name": "Gremlin",
  "map": "Beach-Luau",
  "position": [49, 22],
  "direction": 0,
  "position2": [26, 20],
  "direction2": 0
        },
        
{
  "name": "Gremlin",
  "map": "Beach-Jellies",
  "position": [9, 10],
  "direction": 3
        } ,
{
  "name": "Juliet",
  "map": "Beach-Jellies",
  "position": [9, 9],
  "direction": 3        
},
{
  "name": "Gale",
  "map": "Beach-Jellies",
  "position": [54, 7],
  "direction": 2        
},
{
  "name": "Juliet",
  "map": "Town-Fair",
  "position": [22, 63],
  "direction": 1        
},
{
  "name": "Gale",
  "map": "Town-Fair",
  "position": [68, 71],
  "direction": 2        
},
{
  "name": "Gremlin",
  "map": "Town-Fair",
  "position": [6, 65],
  "direction": 1        
}

          


]
}
