{
    "Introduction": "Good morning! You must be the new farmer. I'm Gale, and it's a pleasure to meet you.$1",
    "Mon": "I do hope you'll enjoy your time living in Pelican Town, @.",
    "Mon2": "Farming is hard work, @. Make sure you take some time to relax, and just be.",
    "Mon6": "Be gentle with Juliet please. I know she seems like she can handle anything, but inside... well, let's just say, she's vulnerable.$2",
    "Mon8": "This is the life I've always wanted: a garden of my own, and the family I've made.#$b#There is something to be said for the simpler things in life, @.$1",
    "Mon10": "Family are important, I don't deny that, but I worry about Jodi. She's devoted so much to her boys - and Kent - that she's losing herself.$2",

    "Tue": "There is such pleasure to be had, feeling in touch with the earth.$1",
    "SeedShop": "Exercise for the body, and friendship for the soul. Plus, I'd rather shop here than Joja; the produce is fresher. I hear it's grown locally. Know anything about that, @?$1",
    "Tue4": "Plants serve many uses, @. They can help a wound to heal, and ease pain in body and in spirit.",
    "Tue10": "There is much to be said for companionship, @. I'm delighted to call you my friend.",
    
    "Wed": "I do love watching my seedlings sprout and grow. It's the same with people, my dear.#$b#Nourish them and watch them thrive.",
    "Wed2": "Be wary of those that say 'it's natural, so it it must be healthy', @.$3#$b#Nature delivers us both medicine and poison, and one should never consume without knowledge.$2",
    "Wed4": "Comfrey is a wonderful herb for muscle pain, @.",
    "Wed6": "Come to me if you ever need to talk, @. I'm no expert, but I'm good at listening.",

    
    "Thu": "*singing* ...Parsley, sage, rosemary and thyme...$1#$b#Oh goodness, where did you come from? Sorry, I was lost in my thoughts.$3",
    "Thu2": "I'm not sure why it is, but there's something magical about Stardew's soil. My plants seem to grow twice as fast.",
    "Thu8": "Rosemary is for remembrance. The scent always makes me remember those we have loved and those we have lost.$3#$b#Juliet is not the first lost soul I have taken under my wing, @. And it's a pleasure to set them free.$1#$b#But each that fledges takes a piece of my heart.$2",
    
    "Fri": "It's lovely to have some company around the house.$1#$b#Though Juliet's not great with housework...$2",
    "Fri4": "I was hoping Juliet might take an interest in herbology but sadly her interests lie elsewhere.#$b#Keep an eye on her please, @, she has a tendency to leap in without judging the depth.$2",
    
    "Sat": "It's a shame to be inside, working, on such a lovely day - but what can I say?$2#$b#There's few places to work in this town, and at least it's steady pay.",
    "Sat4": "I must say, @, it's good to have a friend in this town.$4#$b#When you work in Joja, well... some people tend to paint you with a negative brush.$3",
    "Sat6":"I hope Juliet's enjoying her day off. She needs the chance to find herself.$1#$b#Oh, you wouldn't know it from talking to her, but the poor lass was quite lost when she came to live with me.$2",
    
    "Sun": "I like to think I'm bringing a little ray of sunshine into the Joja life.$1#$b#I know, that's really cheesy.$4",
    "Sun6": "Sometimes these long hours weekend hours really drain my spirit.$2#$b#But while my body's trapped here, at least my imagination is free to fly and soar.",
    
    "JojaMart_Mon": "Good evening! I hope you've had a lovely day.",
    "JojaMart_Tue": "Ah, hello @! It's always a pleasure to have you drop by.#$b#Though I'm sure there's fresher produce to be had on your farm.",
    "JojaMart_Wed": "Working with Morris, I do wonder what happened in his past to make him this way.#$b#Or maybe some people are just born unpleasant?",
    "JojaMart_Thu": "Shane? Have you seen him with his wee lass? Oh, I think there's a golden heart buried under the surly exterior.",
    "JojaMart_Fri": "You'll be amazed what I hear around here, @.#$b#Oh, I couldn't possibly tell!$3",
    "JojaMart_Sun": "Greetings @! It's always a pleasure to see you.$1",
    "cc_Complete": "I'm not sure how to feel, @. It's wonderful to have the community center restored, but without JojaMart...$2#$b#Well, I suppose I can make ends meet, and I'll have more time in the garden. Maybe I'll start a small business. People are into natural remedies, aren't they?$1",
    "JulietGremlin": "Juliet seems to have really bonded with that wee dog. It's lovely to see her opening her heart to another soul.#$b#She hasn't asked if we can keep her yet... but I think she will.#$b#Of course I'll say yes! The dog house has been empty ever since old Hercules died."
   




}