{
  "Format": "1.13.0",
  "ConfigSchema": {
    "LoadJojaMart": {
        "AllowValues": "true, false",
        "Default": "true"
                  }
  },
  "Changes": [
   
//Data for Social Menu
   
{
  "LogName": "NPC Manifestation",
  "Action": "EditData",
  "Target": "Data/NPCDispositions",
      "Entries": {
    "Juliet": "adult/rude/outgoing/negative/female/datable/null/Town/spring 15//LodgingHouse 27 6/Juliet"
  }
},
{
  "LogName": "NPC Gift Tastes",
  "Action": "EditData",
  "Target": "Data/NPCGiftTastes",
    "Entries": {
    "Juliet": "Wow, fantastic! Did that sound sarcastic? I actually do love this!/376 420 614 651 731/Hey this is great! Wait, did you want something?/348 613 724 346 167/Wow. Amazing. More trash. Aren't you generous?/-4 256 231/Oh... great... fantastic... You suck./717 720 276/Thanks. I'm sure I'll find something to do with this.//"
  }
},
// Juliet Loves Poppy, Red Mushroom, Green Tea, Poppyseed Muffin, Maple Bar
//Likes Wine, Apple, Maple Syrup, Beer, Joja cola?
//Dislikes Tomato, fish, Eggplant Parmesan
//Hates Crab, Shrimp, Pumpkin

//Loads Juliet
{
  "LogName": "NPC Sprite",
  "Action": "Load",
  "Target": "Characters/Juliet",
  "FromFile": "assets/img/Juliet-sprites.png"
  
},

{
  "LogName": "swimsuit sprites",
  "Action": "EditImage",
  "Target": "Characters/Juliet",
  "FromFile": "assets/img/Juliet-swimsuit.png",
       "When":
          {
          "LocationName": "Beach",
          "Season": "summer",
          "Day:28": false
          }
  },

  {
    "LogName": "Festival Sprites",
    "Action": "EditImage",
    "Target": "Characters/Juliet",
    "FromFile": "assets/img/Juliet-theater.png",
         "When":
            {
            "LocationName": "TheaterBreakroom"
            }
    },



{
  "LogName": "NPC Portrait",
  "Action": "Load",
  "Target": "Portraits/Juliet",
  "FromFile": "assets/img/Juliet-portrait.png"
},
{
  "LogName": "Schedule",
  "Action": "Load",
  "Target": "Characters/schedules/Juliet",
  "FromFile": "assets/schedules/JulietSchedule.json",
  "When": {
    "HasSeenEvent:191393": "false"
          }
      },
{
  "LogName": "Schedule",
  "Action": "EditData",
  "Target": "Characters/schedules/Juliet",
  "Entries": {
  "Rain": "GOTO Sun"
                  },
    "When": {
        "DayofWeek": "Sunday"
          }
},
{
  "LogName": "Schedule",
  "Action": "Load",
  "Target": "Characters/schedules/Juliet",
  "FromFile": "assets/schedules/JulietScheduleJojaClosed.json",
    "When": {
      "HasSeenEvent:191393":true,
      "HasFlag:ccMovieTheater":false
        }
    },

    {
      "LogName": "Schedule",
      "Action": "Load",
      "Target": "Characters/schedules/Juliet",
      "FromFile": "assets/schedules/JulietScheduleTheater.json",
      "When": { 
      "HasFlag:ccMovieTheater": true,
      "HasFlag:ccMovieTheaterJoja":false
    }
  },




{
  "LogName": "Dialogue",
  "Action": "Load",
  "Target": "Characters/Dialogue/Juliet",
  "FromFile": "assets/dialogue/JulietDialogue.json"

},

{
  "LogName": "Seasonal Joja Dialogue",
  "Action": "EditData",
  "Target": "Characters/Dialogue/Juliet",
  "Entries": {
        "JojaMart_Tue": "Can I interest you in a nice pair of juicy, ripe melons? End of aisle one, fresh from the Gem Isles!$7"
            },
            "When":{
              "Season": "summer"
            }
            },
{
  "LogName": "Seasonal Joja Dialogue",
  "Action": "EditData",
  "Target": "Characters/Dialogue/Juliet",
  "Entries": {
      "JojaMart_Tue": "How about some eggplant seeds? You know what they say about girls and eggplants...? We love 'em deepfried!$7"
                        },
  "When":{
      "Season": "fall"
                }
            },
{
"LogName": "Seasonal Joja Dialogue",
"Action": "EditData",
"Target": "Characters/Dialogue/Juliet",
"Entries": {
  "JojaMart_Tue": "Are you lonely and cold on that farm of yours? We've got some great hot chilli-sauce! Guaranteed to warm you from head to ah... you know where!$7"
                      },
"When":{
    "Season": "winter"
                  }
},
{
  "LogName": "Animations",
  "Action": "EditData",
  "Target": "Data/animationDescriptions",
  "Entries": {
        "Juliet_work": "12 24 24 24/16 16 16 17 17 18 18 19 19 18 18 18 19 19 19 18 18 18 19 19 19 17 17 20 20 20 20 20 20 21 21 21 20 20 20 22 22 20 20 22 22 20 20 21 21 21 21/24 24 24 12",
        "Juliet_drums": "8/29 30 31/8",
        "Juliet_sleep": "39/39/39",
        "Juliet_yoyo": "0/32 32 33 33 34 34 35 35 35 35 35 35 35 35 35 35 35/0"
  }
},
{
  "LogName": "Engagement Dialogue",
  "Action": "EditData",
  "Target": "Data/EngagementDialogue",
        "Entries": {
    "Juliet0": "Hmm, last days of freedom. What to do? Oh, I'm teasing, @. I'm excited! Really!",
    "Juliet1": "Hey, @. I seem to remember there's something I'm supposed to be doing tomorrow... but I can't quite remember what it was.#$b#Just kidding! We're getting hitched and you'll be stuck with me forever!"
  }
},
//Changes Shane's schedule on rainy days
{
  "LogName": "Schedule",
  "Action": "EditData",
  "Target": "Characters/schedules/Shane",
  "Entries": {
  "rain": "700 Town 95 51 0/850 JojaMart 9 25 1/1700 Saloon 21 17 2 shane_drink/2300 AnimalShop 27 4 1 shane_sleep"
              },
          "When": {
          "IsCommunityCenterComplete": false
          }
        },
//Changes Juliet's Schedule after 2 heart event if answer "yes"
{
  "LogName": "Schedule",
  "Action": "EditData",
  "Target": "Characters/schedules/Juliet",
  "Entries": {
"Sat": "700 LodgingHouse 21 16 1/900 ClearingHouse 16 7 3/1100 SamHouse 16 8 0 Juliet_drums/1600 Beach 44 35 2/1800 Saloon 42 20 3/2400 LodgingHouse 27 6 2 Juliet_sleep"
},
"When": {
"HasDialogueAnswer": "86571103"
}
},

//Events
{ 
  "LogName": "Removes bushes from KIM",
  "Action": "EditMap",
  "Target": "Maps/Town",
  "MapTiles": [
    {
      "Position": { "X": 109, "Y": 57 },
      "Layer": "Paths",
      "Remove":true
      },
      {
        "Position": { "X": 105, "Y": 61 },
        "Layer": "Paths",
        "Remove":true
        }
        
      
        ],
      "When": {
      "HasMod:Karmylla.ImmersiveMaps": true,
      "HasSeenEvent:86571101": false
               }
      },


{
  "LogName": "LodgingHouse Events",
  "Action": "Load",
  "Target": "Data/Events/LodgingHouse",
  "FromFile": "assets/events/LodgingHouse.json"
},
{
  "LogName": "ClearingHouse Events",
  "Action": "Load",
  "Target": "Data/Events/ClearingHouse",
  "FromFile": "assets/events/ClearingHouse.json"
},
{
  "LogName": "Joja Breakroom Events",
  "Action": "Load",
  "Target": "Data/Events/JojaBreakroom",
  "FromFile": "assets/events/JojaBreakroom.json"
},

{
	"Logname": "JojaMart Events",
	"Action": "Load",
	"Target": "Data/Events/JojaMart",
  "FromFile": "assets/events/JojaMart.json",
  "When": { 
    "LoadJojaMart":true
  }
},



{
  "LogName": "Juliet 4-heart meet Gremlin",
  "Action": "EditData",
  "Target": "Data/Events/Town",
  "Entries": {
      "86571101/f Juliet 1000/t 1600 1800/d Sat Sun/w sunny": "none/-100 -100/Juliet 96 53 2 farmer 107 63 0/addTemporaryActor Gremlin 16 32 109 56 1 false/animate Gremlin false true 300 22 22 23 23 23/skippable/viewport 100 59/playSound trashcan/move Juliet 0 3 1/pause 500/playSound dogWhining/jump Juliet 3/pause 500/emote Juliet 16/pause 500/playSound trashcan/pause 500/move Juliet 2 0 1/textAboveHead Juliet \"Hey puppy.\"/move Juliet 2 0 1/pause 1000/move Juliet 2 0 1/pause 1000/textAboveHead Juliet \"Don't be scared.\"/pause 1000/move farmer 0 -2 0/pause 500/stopAnimation Gremlin/pause 500/faceDirection Gremlin 3/shake Gremlin 250/showFrame Gremlin 18/pause 500/faceDirection Juliet 2/pause 500/speak Juliet \"Stop! You'll scare her.$5\"/pause 500/emote farmer 28/pause 500/playSound dog_bark/pause 500/shake Gremlin 250/playSound dog_bark/faceDirection Juliet 1/showFrame Juliet 26/pause 500/speak Juliet \"It's okay. We're not gonna hurt you. Here, I got you something.\"/addObject 104 56 641 0/pause 500/emote farmer 40/showFrame Gremlin 12/pause 500/playSound dog_pant/move Gremlin -1 0 3/pause 500/move Gremlin -1 0 3/pause 500/playSound dog_bark/textAboveHead Juliet \"It's okay girl.\"/move Gremlin -2 0 1/animate Gremlin false true 250 26 27 26 27 12 12 12 12/advancedMove Juliet false -1 0 0 5 4 0/faceDirection Juliet 1/pause 1500/speak Juliet \"What? Yeah, it's Joja meat, so mostly water and growth hormones, but it shouldn't hurt her.$3#$b#Yoba, what were you thinking charging in like that?\"/pause 500/faceDirection farmer 3/emote farmer 40/speak Juliet \"$q 86571116 null#You almost scared her away!#$r 8651116 25 Juliet_Gremlin_Apologise#I'm sorry...I didn't mean to scare her#$r 8651116 0 Juliet_Gremlin_Charge#What do you mean charging?#$r 8651118 -50 Juliet_Gremlin_Pest#You shouldn't be encouraging vermin.\"/pause 500/fork 8651118 Juliet_Gremlin_Disgust/pause 500/faceDirection Juliet 0/faceDirection farmer 0/speak Juliet \"Well, no harm, no foul, right? She's been hanging around for days. Poor thing.$2#$b#I've been trying to get her to trust me. Doesn't help Morris throws junk at her everytime he sees her.$5\"/removeSprite 104 56/stopAnimation Gremlin/showFrame Gremlin 0/pause 500/move Gremlin 0 2 2/pause 1000/emote Juliet 32/pause 500/move Gremlin 0 1 2/pause 1000/emote farmer 28/move Gremlin 0 1 2/textAboveHead Gremlin \"Arruuu?\"/pause 500/warp Gremlin -100 -100/showFrame Juliet 27/pause 1000/emote Juliet 20/pause 500/faceDirection farmer 3/emote farmer 32/pause 1000/end dialogue Juliet \"She followed me home, @... I guess I have a dog now?$1\"",
     
      "Juliet_Gremlin_Disgust": "pause 500/emote Juliet 12/pause 500/faceDirection Juliet 0/pause 1000/emote farmer 28/pause 500/speak Juliet \"%Juliet is ignoring you.\"/pause 1000/end"  
      
    
      }
  },
  {
    "LogName": "Juliet 6-heart - jojaMart",
    "Action": "EditData",
    "Target": "Data/Events/JojaMart",
    "Entries": {
       
       "86571110/f Juliet 1500/e 86571101/d Sat Sun/t 0900 1700": "none/13 11/Juliet 2 8 1 Morris 4 8 3 farmer 2 13 0/skippable/pause 500/speak Juliet \"...It was going in the trash anyway. It's not my fault that you over-ordered!\"/emote Morris 12/emote Juliet 12/shake Juliet 350/faceDirection Juliet 0/textAboveHead Juliet \"Screw you Morris\"/speed Juliet 7/move Juliet 0 -4 0/warp Juliet -100 -100/playSound doorClose/speed farmer 5/ move farmer 0 -5 1/textAboveHead Morris \"Insolent brat!\"/emote farmer 40/speed farmer 5/move farmer 0 -4 0/warp farmer -100 -100/playSound doorClose/globalFade/viewport -2000 -2000/changeToTemporaryMap JojaMartBreakroom false/viewport -1000 -1000/warp Juliet 2 5/faceDirection Juliet 1/advancedMove Juliet 5 0 0 5/viewport 11 7/textAboveHead Juliet \"Idiot...\"/pause 1000/emote Juliet 12/warp farmer 2 10/pause 500/move farmer 0 -2 0/quickQuestion#Are you okay?#How can I help?#What have you done now?#Well, Morris is a pillock, isn't he?(break)jump Juliet\\faceDirection Juliet 2\\speak Juliet \"Do I look like I'm freaking okay?$5\"(break)jump Juliet\\faceDirection Juliet 2\\speak Juliet \"Don't give me that customer service BS.$4\"(break)jump Juliet\\faceDirection Juliet 2\\speak Juliet \"Oh, so it's MY fault now, @? I thought we were friends...$5\"(break)jump Juliet\\faceDirection Juliet 2\\speak Juliet \"Too freaking right.$4\"/pause 500/faceDirection Juliet 0/speak Juliet \"I hate him. Sometimes I wish I could just freaking quit.$5\"/question null \"#Well? ...#Why don't you?#Say nothing.\"/speak Juliet \"Because I can't, all right? You do the crime, you do the time. And it's not like I don't deserve it.$2#$b#Have you ever done something so freaking terrible that just made you wish you could restart the day afresh and do things different?$2\"/pause 500/emote farmer 28/pause 500/speak Juliet \"No? I have, and I did. And no, I don't want to talk about it.\"/pause 500/advancedMove Juliet 4 0 -4 0/speak Juliet \"And if I'm exiled to this tiny town in the tail-end of nowhere and indentured to the megacorp master, so what? I got off lightly. He didn't.\"/pause 500/faceDirection Juliet 0/pause 500/move farmer 0 -2 0/move Juliet 0 1 3/shake Juliet 350/pause 500/quickQuestion#What did you do?#I'm here for you.#Did you kill someone?(break)emote Juliet 12\\speak Juliet \"I was young and dumb. Not that that's any freaking excuse.$2#$b#And what part of 'I don't want to talk about it don't you understand?$5#$b#But, I 'spose it's gonna come out sooner or later, and you deserve to know.$2\"(break)emote Juliet 40\\speak Juliet \"Really? Are you sure about that, @?$3#$b#You might not be, if you knew the full story.$5#$b#I suppose I'd better tell you, so you can run for the hills now while you still have the chance.$2\"(break)faceDirection Juliet 1//pause 500/shake Juliet 250/speak Juliet \"No... not exactly...$2\"/pause 500/emote farmer 28/move Juliet 0 2 3/speak Juliet \"It was an accident... two kids, drunk on impulsivity and cheap vodka. He thought it would be funny... but no-one's laughing now.$2\"/pause 500/emote farmer 40/pause 500/speak Juliet \"I loved him. I was that poor dumb kid, desperate for attention.$2#$b#I could've stopped him. Called him on his idiocy. Walked away. But no. I panted along behind him like a lapdog.$2#$b#Got dragged into his dumbass pranks... and everything went horrible wrong.$2\"/pause 500/emote Juliet 40/pause 500/speak Juliet \"Anyhow, he got a life sentence. And I was exiled here. I guess this is it, that you're gonna do the sensible thing, and walk away.\"/question fork0 \"...#Walk away#Stay and comfort Juliet\"/fork WalkAway/pause 500/move farmer 0 -1 1/speak Juliet \"Really? You wanna stick with me, despite... well, despite everything?\"/pause 500/emote farmer 32/pause 500/speak Juliet \"Thank you, @. That means a lot.$4\"/emote Juliet 20/pause 1000/end"
    }
  },

    

//Festival Dialogue for Gale and Juliet
{
  "LogName": "Festival Sprites",
  "Action": "EditImage",
  "Target": "Characters/Juliet",
  "FromFile": "assets/img/Festivals/Juliet-EggFestival.png",
  "FromArea": { "X": 0, "Y": 0, "Width": 16, "Height": 128 }, 
  "ToArea": { "X": 0, "Y": 0, "Width": 16, "Height": 128 },
      "When":
          {
          "DayEvent": "egg festival"
          }
  },

{  "LogName": "Egg Festival Dialogue",
    "Action": "EditData",
    "Target": "data/festivals/spring13",
    "Entries": {
      "Juliet": "Hey farmer, you gonna chase after the eggs? Me? Nah. I think I'd rather hang back and check out the talent.$8",
      "Gale": "Hello @. You know, it would be nice if the kids could win the egg hunt for once.$1#$b#But Abigail? She's been winning it every year since she was a child. Very competitive spirit, that lass."
        }
},
{
  "LogName": "Festival Sprites",
  "Action": "EditImage",
  "Target": "Characters/Juliet",
  "FromFile": "assets/img/Festivals/Juliet-FlowerFestival.png",
  "FromArea": { "X": 0, "Y": 0, "Width": 16, "Height": 128 }, 
  "ToArea": { "X": 0, "Y": 0, "Width": 16, "Height": 128 },
      "When":
          {
          "LocationName":"Temp",
          "DayEvent": "flower dance"
          }
  },



{  "LogName": "Flower Dance Dialogue",
  "Action": "EditData",
  "Target": "data/festivals/spring24",
  "Entries": {
    "Juliet": "How quaint, everyone's all paired neatly off. Wanna shake it up a bit, @?$9#$b#Go on, ask Sebastian to dance, I dare ya.^Go on, ask Abigail to dance, I dare ya.$9",
    "Gale": "It's lovely to see everyone gathered together, but a little overwhelming too."
      }
},

//Gremlin

{
  "LogName": "NPC Sprite",
  "Action": "Load",
  "Target": "Characters/Gremlin",
  "FromFile": "assets/img/GremlinSprites.png"
    },
  {
    "LogName": "NPC Portrait",
    "Action": "Load",
    "Target": "Portraits/Gremlin",
    "FromFile": "assets/img/GremlinPortraits.png"
  },
  {
    "LogName": "Gremlin's AntiSocial Flag",
    "Action": "EditData",
    "Target": "Data/AntiSocialNPCs",
    "Entries": {
        "Gremlin": true
            },
    "When": {
        "HasSeenEvent:86571101":true,
        "HasMod: SuperAardvark.AntiSocial": true
            }
  },
  {
    "LogName": "NPC Manifestation",
    "Action": "EditData",
    "Target": "Data/NPCDispositions",
        "Entries": {
      "Gremlin": "child/neutral/shy/positive/female/not-datable/null/Town/spring 1//ClearingHouse 27 6/Gremlin"
            },
      "When": {
      "HasSeenEvent:86571101":true,
      "HasMod: SuperAardvark.AntiSocial": true
            }
   },    
   



//Compatibility Patches

{
  "LogName": "Yoba Worship if Paul present",
  "Action": "EditData",
  "Target": "Characters/schedules/Juliet",
  "Entries": {
  "Sun": "700 LodgingHouse 21 16 1/900 LodgingHouse 33 7 0/1100 SeedShop 37 22 0/1400 Town 95 51 0/1700 JojaMart 9 25 1 Juliet_work/2300 Town 34 10 2/2400 LodgingHouse 27 6 2 Juliet_sleep"
          },
    "When": {
        "HasMod": "Ginnyclaire.Paul"
}

}

 
  ]
}