{
    "rain": "630 LodgingHouse 17 14 0/700 LodgingHouse 20 14 2/1100 LodgingHouse 8 14 2/1500 LodgingHouse 28 15 0/1800 LodgingHouse 18 14 2/2100 LodgingHouse 20 4 1",
    "spring": "610 LodgingHouse 18 14 2/900 ClearingHouse 17 21 3 Gale_waterL/1100 ClearingHouse 12 13 2 Gale_waterF/1300 ClearingHouse 9 17 1 Gale_waterR/1700 LodgingHouse 7 14 0/2000 LodgingHouse 20 4 1",
    "Tue": "610 LodgingHouse 18 14 2/1000 SeedShop 15 23 0/1230 SeedShop 21 20 0 Gale_exercise/1600 Mountain 30 9 3/2000 LodgingHouse 20 4 1",
    "Sat": "610 LodgingHouse 18 14 2/900 ClearingHouse 17 21 3 Gale_waterL/1100 ClearingHouse 12 13 2 Gale_waterF/1300 ClearingHouse 9 17 1 Gale_waterR/1700 LodgingHouse 7 14 0/2000 LodgingHouse 20 4 1",
    "Sun": "610 LodgingHouse 18 14 2/900 ClearingHouse 17 21 3 Gale_waterL/1100 ClearingHouse 12 13 2 Gale_waterF/1300 ClearingHouse 9 17 1 Gale_waterR/1700 LodgingHouse 7 14 0/2000 LodgingHouse 20 4 1",
    "summer": "GOTO spring",
    "fall": "GOTO spring",
    "winter": "GOTO spring",
    "JojaMart_Replacement": "LodgingHouse 7 14 0"
    }