{

"rain": "700 LodgingHouse 21 16 3/1100 LodgingHouse 9 17 0/1300 LodgingHouse 33 7 0 Juliet_drums/1500 Town 95 51 0/2200 LodgingHouse 27 6 2 Juliet_sleep",
"spring": "620 LodgingHouse 21 16 3/700 Town 92 44 0/850 TheaterBreakroom 8 18 1/1200 TheaterBreakroom 8 8 2/1400 TheaterBreakroom 14 5 0/1700 Town 26 22 2 Juliet_yoyo/2400 LodgingHouse 27 6 2 Juliet_sleep",
"Wed": "620 LodgingHouse 21 16 3/700 Town 92 44 0/700 TheaterBreakroom 8 18 1/1200 TheaterBreakroom 8 8 2/1400 TheaterBreakroom 14 5 0/1700 Town 26 22 2 Juliet_yoyo/2400 LodgingHouse 27 6 2 Juliet_sleep",
"Sat": "700 LodgingHouse 21 16 3/900 LodgingHouse 33 7 0 Juliet_drums/1100 ClearingHouse 16 7 3/1300 Beach 44 35 2/1800 Saloon 42 21 3/2400 LodgingHouse 27 6 2 Juliet_sleep",
"Sun": "700 LodgingHouse 21 16 3/900 LodgingHouse 33 7 0 Juliet_drums/1100 SeedShop 38 22 0/1400 Town 95 51 0/1700 Town 34 10 2/2200 LodgingHouse 27 6 2 Juliet_sleep",
"JojaMart_Replacement": "Town 26 22 2 Juliet_yoyo"


}